{
  "sma_20": {
    "mean": 3283542736404.129,
    "std": 606681017930325.9
  },
  "sma_50": {
    "mean": 3303581593000.586,
    "std": 594961593683293.9
  },
  "rsi_14": {
    "mean": 50.34351754920328,
    "std": 17.297930973394447
  },
  "macd": {
    "mean": -4648330288.770507,
    "std": 66173368028466.695
  },
  "macd_signal": {
    "mean": -4648330288.769869,
    "std": 60454897005062.445
  },
  "macd_hist": {
    "mean": -0.0006392864689247552,
    "std": 24068569784483.504
  }
}